{"cameraMode":{"drawMode":0,"name":"Shaded","section":"Shading Mode"},"sceneLighting":false,"audioPlay":false,"sceneViewState":{"m_AlwaysRefresh":false,"showFog":true,"showSkybox":false,"showFlares":true,"showImageEffects":true,"showParticleSystems":true,"showVisualEffectGraphs":true,"m_FxEnabled":true},"in2DMode":false,"pivot":{"x":4.489999771118164,"y":1.0800000429153443,"z":-2.2711098194122316},"rotation":{"x":0.003897028509527445,"y":0.031496431678533557,"z":-0.00011358568008290604,"w":0.9994789361953735},"size":3.907456636428833,"orthographic":false}