{"cameraMode":{"drawMode":0,"name":"Shaded","section":"Shading Mode"},"sceneLighting":false,"audioPlay":false,"sceneViewState":{"m_AlwaysRefresh":false,"showFog":true,"showSkybox":false,"showFlares":true,"showImageEffects":true,"showParticleSystems":true,"showVisualEffectGraphs":true,"m_FxEnabled":true},"in2DMode":false,"pivot":{"x":4.484999656677246,"y":-1.1669998168945313,"z":-2.2711098194122316},"rotation":{"x":0.18225519359111787,"y":0.01778988353908062,"z":-0.004569306969642639,"w":0.9832202792167664},"size":3.2551589012145998,"orthographic":false}