{"cameraMode":{"drawMode":0,"name":"Shaded","section":"Shading Mode"},"sceneLighting":true,"audioPlay":false,"sceneViewState":{"m_AlwaysRefresh":false,"showFog":true,"showSkybox":true,"showFlares":true,"showImageEffects":true,"showParticleSystems":true,"showVisualEffectGraphs":true,"m_FxEnabled":true},"in2DMode":false,"pivot":{"x":24.16132926940918,"y":2.814427375793457,"z":-2.708313226699829},"rotation":{"x":-0.0065934062004089359,"y":-0.050975728780031207,"z":-0.0003194596793036908,"w":0.9986714124679565},"size":9.954896926879883,"orthographic":false}