{"cameraMode":{"drawMode":0,"name":"Shaded","section":"Shading Mode"},"sceneLighting":true,"audioPlay":false,"sceneViewState":{"m_AlwaysRefresh":false,"showFog":true,"showSkybox":true,"showFlares":true,"showImageEffects":true,"showParticleSystems":true,"showVisualEffectGraphs":true,"m_FxEnabled":true},"in2DMode":false,"pivot":{"x":-0.16035473346710206,"y":1.6314620971679688,"z":-2.0089149475097658},"rotation":{"x":0.09053829312324524,"y":0.07164330780506134,"z":-0.006519432179629803,"w":0.9932866096496582},"size":31.76403045654297,"orthographic":false}