{"cameraMode":{"drawMode":0,"name":"Shaded","section":"Shading Mode"},"sceneLighting":false,"audioPlay":false,"sceneViewState":{"m_AlwaysRefresh":false,"showFog":true,"showSkybox":false,"showFlares":true,"showImageEffects":true,"showParticleSystems":true,"showVisualEffectGraphs":true,"m_FxEnabled":true},"in2DMode":false,"pivot":{"x":-1.483299732208252,"y":0.009999871253967286,"z":-2.2711098194122316},"rotation":{"x":0.008686698973178864,"y":0.026095008477568628,"z":0.00022665293363388628,"w":-0.9996561408042908},"size":2.3111517429351808,"orthographic":false}