{"cameraMode":{"drawMode":0,"name":"Shaded","section":"Shading Mode"},"sceneLighting":true,"audioPlay":false,"sceneViewState":{"m_AlwaysRefresh":false,"showFog":true,"showSkybox":true,"showFlares":true,"showImageEffects":true,"showParticleSystems":true,"showVisualEffectGraphs":true,"m_FxEnabled":true},"in2DMode":false,"pivot":{"x":75.92362213134766,"y":39.873680114746097,"z":3.312027931213379},"rotation":{"x":-0.010174565948545933,"y":-0.005939247086644173,"z":-0.0037273617926985027,"w":0.9999614357948303},"size":49.38667297363281,"orthographic":false}